Composition(mole fraction),Density (g.cm3) ROM,Young modulus ROM,"Young Modulus (GPa) (experimental) /first
principles",Equilibrium conditions,Single/ Multiphase material,Type of present phases,Tension/ Compression,Testing T (∞C),Yield Strength (MPa),Specific Yield Strength (MPa-cm3/g)
AI0.25MONBTIV,7.1,163.6,168,AC,S,BCC,C,25,1250,176.6
Al0.25NbTaTiv,8.8,130,94,AC,S,BCC,C,25,1330,151.2
AI0.25NbTaTizr,8.6,,118,HIP+A,M,BCC+B2,C,25,1745,203.1
Al0.25NbTaTiZr,8.6,,63,HIP+A,M,BCC+B2,C,1000,366,42.6
A10.2MOTATIV,9.3,184,,AC,S,BCC,C,25,1021,110.3
AI0.3HfNbTaTizr,9.6,108.3,63,AC,S,BCC,C,25,1188,124.4
A10.3NbTa0.800Tƒ∞1.4V0.2Zr1.3,7.7,110.2,,HIP+A,S,BCC,C,25,1965,255
A10.3NbTa0.800T11.4V0.2Zr1.3,7.7,,,HIP+A,S,BCC,C,1000,166,21.5
AI0.3NbTa0.800T11.4V0.2Zr1.3,7.7,,,HIP+A,S,BCC,C,800,678,88
Al0.3NbTaTi1.4Zr1.3,8.1,,,HIP+A,M,BCC+B2,C,25,1965,242.6
AI0.3N6TATI1.4Zr1.3,8.1,,,HIP+A,M,BCC+B2,C,1000,236,29.2
AI0.3N6TATI1.4Zr1.3,8.1,,,HIP+A,M,BCC+B2,C,800,362,44.7
AI0.4HF0.6NbTaTizr,9.1,110,,HIP+A,S,BCC,C,25,1841,202.5
Al0.4HF0.6NbTaTizr,9.1,,,HIP+A,S,BCC,C,1000,298,32.8
AI0.4HF0.6NbTaTizr,9.1,,,HIP+A,S,BCC,C,800,796,87.6
AI0.4HF0.6NbTaTizr,9.1,110,78.1,HIP+A,S,BCC,C,25,1841,202.5
AI0.4HF0.6NbTaTizr,9.1,,,HIP+A,S,BCC,C,1000,89,9.8
AI0.4HF0.6NbTaTizr,9.1,,23.3,HIP+A,S,BCC,C,1000,25,32.8
AI0.4HF0.6NbTaTizr,9.1,,48.8,HIP+A,S,BCC,C,800,796,87.6
Al0.5CrNbTi2V0.5,5.8,,,A,M,BCC+Laves,C,25,1340,232.4
AI0.5CrNbTi2V0.5,5.8,143,,AC,S,BCC,C,25,1240,215
AI0.5CrNbTi2V0.5,5.8,,,A,M,BCC+Laves,C,1000,90,15.6
AI0.5CrNbTi2V0.5,5.8,,,A,M,BCC+Laves,C,800,445,77.2
AI0.5CrNbTi2V0.5,5.8,,,A,M,BCC+Laves,C,600,930,161.3
A10.5HfNbTaTizr,9.3,106.6,97,AC,S,BCC,C,25,1302,139.4
AI0.5M00.5NBTA0.5Tizr,7.6,,132,HIP+A,M,BCC+B2,C,25,2350,309.7
A10.5M00.5NBTA0.5Tizr,7.6,,78,HIP+A,M,BCC+B2,C,1000,579,76.3
Al0.5MONBTIV,6.8,158.4,172.1,AC,S,BCC,C,25,1625,238.3
A10.5NbTa0.800T11.5V0.2Zr,7.6,111.3,,HIP+A,M,BCC+B2,C,25,2035,269.2
AI0.5NbTa0.800T11.5V0.2Zr,7.6,,,HIP+A,M,BCC+B2,C,1000,220,29.1
AI0.5NbTa0.800T11.5V0.2Zr,7.6,,,HIP+A,M,BCC+B2,C,800,796,105.3
A10.5NBTATIV,8.5,126.7,98,AC,S,BCC,C,25,1012,119.6
AI0.6MOTATIV,8.7,174.1,,AC,S,BCC,C,25,962,110.6
AI0.75HfNbTaTizr,6.1,105.3,102,AC,S,BCC,C,25,1415,155.6
Al0.75MONBTIV,6.6,153.8,173.6,AC,S,BCC,C,25,1260,191
Al1.5MONBTIV,6.1,142.4,173.8,AC,S,BCC,C,25,500,82.5
AlCr0.5N6TIV,5.6,124.1,,A,S,BCC,C,25,1300,230.6
AlCr0.5N6TIV,5.6,,,A,S,BCC,C,1000,40,7.1
AlCr0.5N6TIV,5.6,,,A,S,BCC,C,800,640,113.5
AlCr0.5NBTIV,5.6,,,A,S,BCC,C,600,1005,178.2
AlCr1.5N6TIV,5.6,,,A,M,BCC+Laves,C,25,1700,290.1
AlCr1.5N6TIV,5.6,,,A,M,BCC+Laves,C,1000,75,12.8
AlCr1.5N6TIV,5.6,,,A,M,BCC+Laves,C,800,970,165.5
AlCr1.5N6TIV,5.6,,,A,M,BCC+Laves,C,600,1370,233.8
AlCrMoNbTi,6.6,,,A,M,BCC+unknown,C,25,1010,
AlCrMoNbTi,6.6,,,A,M,BCC+unknown,C,1200,105,16
AlCrMoNbTi,6.6,,,A,M,BCC+unknown,C,1000,594,90.5
AlCrMoNbTi,6.6,,,A,M,BCC+unknown,C,800,860,131
AlCrMoNbTi,6.6,,,A,M,BCC+unknown,C,600,1060,161.4
AlCrMoNbTi,6.6,,,A,M,BCC+unknown,C,400,1080,164.5
AlCrMoNbTi,6.6,,,A,S,BCC,C,1200,150,22.8
AlCrMoNbTi,6.6,,,A,S,BCC,C,1000,550,8003.8
AlCrMoNbTi,6.6,,,A,S,BCC,C,800,875,133.2
AlCrMoNbTi,6.6,,,A,S,BCC,C,600,930,141.6
AlCrMoTi,6,,,A,S,BCC,C,1200,100,16.7
AlCrMoTi,6,,,A,S,BCC,C,1000,375,62.7
AlCrMoTi,6,,,A,S,BCC,C,800,875,146.3
AlCrMoTi,6,,,A,S,BCC,C,600,1020,170.5
AlCrMoTi,6,,,A,S,BCC,C,400,1070,178.6
AlCrNbTiV,5.8,,,A,M,BCC+Laves,C,25,1550,269.2
AICTN6TIV,5.8,,,A,M,BCC+Laves,C,1000,65,11.3
AlCrNbTiV,5.8,,,A,M,BCC+Laves,C,800,860,149.4
AlCrNbTiV,5.8,,,A,M,BCC+Laves,C,600,1015,176.3
AlHfNbTaTiZr,8.9,,103,AC,M,BCC,C,25,1489,168
AIMO0.5NBTA0.5TiZr,7.1,,122,HIP+A,M,BCC+B2,C,25,2197,307.4
AIMO0.5NBTA0.5TiZr,7.1,,70,HIP+A,M,BCC+B2,C,1000,745,104.2
AIM00.5NbTa0.5TiZr,7.1,,,HIP+A,M,BCC+B2,C,25,2000,279.8
AIM00.5NbTa0.5TiZzr,7.1,,,HIP+A,M,BCC+B2,C,1000,745,104.2
AIMO0.5N6TA0.5TiZr,7.1,,,HIP+A,M,BCC+B2,C,800,1597,223.4
AIM00.5NbTa0.5TiZr,7.1,,178.6,HIP+A,M,BCC+B2,C,25,2000,279.8
AIMO0.5NbTa0.5TiZzr,7.1,,27,HIP+A,M,BCC+B2,C,1200,250,35
AIMO0.5N6TA0.5TiZr,7.1,,36,HIP+A,M,BCC+B2,C,1000,745,104.2
AIM00.5NbTa0.5TiZr,7.1,,80,HIP+A,M,BCC+B2,C,800,1597,223.4
AIMO0.5NbTa0.5TiZr,7.1,,,HIP+A,M,BCC+B2,C,25,2000,279.8
AIM00.5NbTa0.5Tƒ∞Z.,7.1,,,HIP+A,M,BCC+B2,C,1200,250,35
AIMO0.5N6TA0.5Tizr,7.1,,,HIP+A,M,BCC+B2,C,1000,745,104.2
AIMO0.5NbTa0.5TiZr,7.1,,,HIP+A,M,BCC+B2,C,800,1567,223.4
AlMo0.5NbTa0.5TiZr,7.1,,,HIP+A,M,BCC+B2,C,600,1870,261.6
AIMO0.5N6TA0.5TiZr0.5,7.2,,133,HIP+A,S,·∫°ntscript,C,25,1320,
AIMO0.5NBTA0.5TiZr0.5,7.2,,76,HIP+A,S,B2,C,1000,635,129.1
AIMONBTI,6.5,,,A,S,BCC,C,1200,200,31
AIMONBTI,6.5,,,A,S,BCC,C,1000,540,83.6
AIMONBTI,6.5,,,A,S,BCC,C,800,500,77.4
AIMONBTI,6.5,,,A,S,BCC,C,600,520,80.5
AIMONBTIV,6.4,149.6,174.4,AC,S,BCC,C,25,1375,214.6
AIMOTATIV,8.2,165.8,,AC,S,BCC,C,25,735,
AIN61.5Ta0.5TI1.5Zr0.5,6.8,105.7,,HIP+A,S,BCC,C,25,1280,186.6
AIN61.5Ta0.5TI1.5Zr0.5,6.8,,,HIP+A,S,BCC,C,1000,403,58.8
AIN61.5TA0.5TI1.5Zr0.5,6.8,,,HIP+A,S,BCC,C,800,728,106.3
AINBTA0.5TiZr0.5,6.9,,124,HIP+A,S,B2,C,25,1352,195.3
AINBTA0.5TiZr0.5,6.9,,53,HIP+A,S,B2,C,1000,535,77.3
AINBTATIV,7.9,121,101,AC,S,BCC,C,25,991,125.6
AINBTIV,5.5,104.8,,A,S,BCC,C,25,1000,181.6
AINDTIV,5.5,,,A,S,BCC,C,1000,110,20
AINDTIV,5.5,,,A,S,BCC,C,800,560,101.6
AINBTIV,5.5,,,A,S,BCC,C,600,780,141.6
AINDTIV,5.5,104.8,,A,S,BCC,C,25,1020,185.6
AINDTIV,5.5,,,A,S,BCC,C,1000,158,28.7
AINDTIV,5.5,,,A,S,BCC,C,800,685,124.6
AINDTIV,5.5,,,A,S,BCC,C,600,810,147.4
AINDTIV,5.5,,,A,S,B2,C,25,1000,181.9
AINDTIV,5.5,,,A,S,B2,C,800,560,101.9
AINDTIV,5.5,,,A,S,B2,C,600,8000,141.9
AINBTIVZ.,5.8,,,A,M,B2+Al3Zr5+Laves,C,25,1500,260.4
AINbTIVZ,5.8,,,A,M,B2+Al3Zr5+Laves,C,800,550,95.5
AINBTIVZ.,5.8,,,A,M,B2+Al3Zr5+Laves,C,600,1155,200.5
AINbTIVZr0.1,5.5,,,A,M,B2+Al3Zr5,C,25,1290,233.2
AINDTIVZR0.1,5.5,,,A,M,B2+Al3Zr5,C,800,865,156.4
AINbTIVZr0.1,5.5,,,A,M,B2+Al3Zr5,C,600,975,176.3
AINbTIVZR0.25,5.6,,,A,M,B2+Al3Zr5,C,25,1360,243.8
AINBTIVZR0.25,5.6,,,A,M,B2+Al3Zr5,C,800,855,153.3
AINbTIVZr0.25,5.6,,,A,M,manecript,C,600,1065,190.6
AINBTIVZR0.5,5.6,,,A,M,B2+Al3Zr5+Laves,C,25,1485,262.6
AINbTIVZr0.5,5.6,,,A,M,B2+Al3Zr5+Laves,C,800,675,119.5
AINbTIVZr0.5,5.6,,,A,M,B2+Al3Zr5+Laves,C,600,1135,200.6
AINbTIVZr1.5,5.8,,,A,M,B2+Al3Zr5+Laves,C,25,1535,262.6
AINbTIVZr1.5,5.8,,,A,M,B2+Al3Zr5+Laves,C,800,180,30.8
AINbTIVZr1.5,5.8,,,A,M,B2+Al3Zr5+Laves,C,600,1195,204.4
CO.1HF0.5M00.5NbTiZr,7.8,,,AC,M,BCC+MC,C,25,1183,151.5
CO.3HF0.5MO0.5NbTiZr,7.7,,,AC,M,BCC+MC,C,25,1201,156.2
CoCrMoNb,800.8,,,AC,M,BCC+Laves,C,25,1419.6,
CoCrMoNbTi,7.8,,,AC,M,BCC+Laves,C,25,1096.8,
Hf0.5Mo0.5NbSi0.3TiZr,7.5,,,AC,W,BCC+M5Si3,C,25,1370,183.3
Hf0.5Mo0.5NBSI0.1TiZr,7.7,,,AC,W,BCC+M5Si4,C,25,1350,174.6
Hf0.4N61.54Ta1.54TI0.89Zr0.64,10.4,,,AC,S,BCC,C,60,795,76.5
Hf0.4N61.54Ta1.54TI0.89Zr0.64,10.4,,,AC,S,BCC,C,100,765,73.7
Hf0.4N61.54Ta1.54TI0.89Zr0.65,10.4,,,AC,S,BCC,C,200,650,62.6
Hf0.4N61.54Ta1.54TI0.89Zr0.66,10.4,,,AC,S,BCC,C,300,590,56.8
Hf0.4N61.54TA1.54TI0.89Zr0.64,10.4,79,125,AC,S,BCC,C,25,822,79.1
CrTaVW,13,,,SPS,M,BCC+Laves,C,1200,979,75.1
CrTaVW,13,,,SPS,M,BCC+Laves,C,25,2327,178.5
CrTaTi0.3VW,12.3,,,SPS,M,BCC+Laves,C,0,98,47.5
CrTaTi0.3VW,12.3,,,SPS,M,BCC+Laves,C,25,2050,166.1
CrTaTi0.17VW,12.6,,,SPS,M,BCC+Laves,C,,750,59.4
CrTaTi0.17VW,12.6,,,SPS,M,BCC+Laves,C,25,2034,161
CrNbTiZr,6.6,,,HIP+A,M,BCC+Laves,C,600,1035,155.7
CrNbTiZr,6.6,,,HIP+A,M,BCC+Laves,C,800,300,45.1
CrNbTiZr,6.6,,,HIP+A,M,BCC+Laves,C,1000,115,17.3
CrNbTiZr,6.6,,,HIP+A,M,BCC+Laves,C,25,1260,189.5
CrNbTiVZr,6.6,,,HIP+A,M,BCC+Laves,C,600,1230,187.4
CrNbTiVZr,6.6,,,HIP+A,M,BCC+Laves,C,800,615,93.7
CrNbTiVZr,6.6,,,HIP+A,M,BCC+Laves,C,1000,259,3600.5
CrNbTiVZr,6.6,,,HIP+A,M,BCC+Laves,C,25,1298,197.8
CrMo0.5NbTa0.5Tizr,8,,,HIP+A,M,BCC+Laves,C,800,983,122.6
CrMo0.5NbTa0.5Tizr,8,,,HIP+A,M,2BCC+Laves,C,1000,546,6800.3
CrMo0.5NbTa0.5Tizr,8,,,HIP+A,M,2BCC+Laves,C,1000,170,21.3
CrMo0.5NbTa0.5Tizr,8,,,HIP+A,M,2BCC+Laves,C,25,1595,199.5
CrHfNbTiZr,8.2,,112,A,M,2BCC+Laves,C,25,1322,160.5
CrHfNbTiZr,8.2,,112,A,M,BCC+Laves,C,25,1328,161.3
CrHfNbTiZr,8.2,,112,AC,M,BCC+Laves,C,25,1375,167
CrHfNbTiZr,8.2,,112,A,M,BCC+Laves,C,1800,1420,172.4
CrHfNbTiZr,8.2,,112,A,M,BCC+Laves,C,25,1457,176.6
CoCrMoNbTi0.5,8.2,,,AC,M,BCC+Laves,C,25,1609.2,
CoCrMoNbTi0.4,8.3,220.1,,AC,S,BCC+Laves,C,25,1771.3,
CoCrMoNbTi0.2,8.5,,,AC,M,BCC+Laves,C,25,1905.6,
Hf0.5M00.5NbSi0.5TiZr,7.2,,,AC,M,BCC+M5Si3,C,25,1600,221
Hf0.5M00.5NBSI0.7TiZr,7,,,AC,M,BCC+M5Si3,C,25,1550,220.6
Hf0.5M00.5NbSI0.600Tizr,6.8,,,AC,M,BCC+M5Si3,C,25,1650,241.5
Hf0.5M00.5NbTizr,7.6,123.1,,AC,S,BCC,C,25,1176,149.4
Hf0.5M00.5NbTizr,7.6,123.1,,AC,S,BCC,C,25,1150,146.1
Hf0.5N60.5Ta0.5TI1.5zr,8.2,106.6,,AC,S,BCC,C,25,903,110.3
Hf0.75NBTA0.5TI1.5Zr1.25,8.4,103.1,78,CR,S,BCC,C,25,1150,136.7
Hf0.75NBTA0.5TI1.5Zr1.25,8.4,103.1,78,CR,S,BCC,C,25,1100,130.8
Hf0.75NBTA0.5TI1.5Zr1.25,8.4,103.1,78,CR+A,S,BCC,C,25,890,105.8
Hf0.75NBTA0.5TI1.5Zr1.25,8.4,,78,CR,S,BCC,C,72,1040,123.7
Hf0.75NBTA0.5TI1.5Zr1.25,8.4,,78,CR,S,BCC,C,72,1020,121.3
Hf0.75NBTA0.5TI1.5Zr1.25,8.4,,78,CR+A,S,BCC,C,72,640,76.1
Hf0.75NBTA0.5TI1.5Zr1.25,8.4,,78,CR,S,BCC,C,-43,1200,142.7
Hf0.75NBTA0.5T11.5Zr1.25,8.4,,78,CR,S,BCC,C,-43,1180,140.3
Hf0.75NBTA0.5TI1.5Zr1.25,8.4,,78,CR+A,S,BCC,C,-43,1020,121.3
Hf0.75NBTA0.5TI1.5Zr1.25,8.4,,78,CR,S,BCC,C,-103,1380,164.1
Hf0.75NbTa0.5T¬°1.5Zr1.25,8.4,,78,CR,S,BCC,C,-103,1370,162.6
Hf0.75NBTA0.5TI1.5Zr1.25,8.4,,78,CR+A,S,BCC,C,-103,1250,148.6
Hf0.75NBTA0.5TI1.5Zr1.25,8.4,,78,CR,S,BCC,C,-153,1640,195
Hf0.75NBTA0.5TI1.5Zr1.25,8.4,,78,CR,S,BCC,C,-153,1550,184.3
Hf0.75NBTA0.5T11.5Zr1.25,8.4,,80,CR+A,S,BCC,C,-153,1370,162.6
Hf0.75NBTA0.5TI1.5Zr1.25,8.4,,80,CR+A,S,BCC,C,-196,1920,228.3
Hf0.75NBTA0.5TI1.5Zr1.25,8.4,,78,CR,S,BCC,C,-196,1880,223.5
Hf0.75NBTA0.5TI1.5Zr1.25,8.4,,78,CR,S,BCC,C,-196,1750,208.1
Hf0.75NBTA0.5T11.5Zr1.25,8.4,,80,CR+A,S,BCC,C,-268.8,2390,284.2
Hf0.75N6TA0.5TI1.5Zr1.25,8.4,,78,CR,S,BCC,C,-268.8,2250,267.5
Hf0.75NBTA0.5TI1.5Zr1.25,8.4,,78,CR,S,BCC,C,-268.8,2210,262.8
HfMo0.25NbTaTizr,9.9,121,96,AC,S,BCC,C,25,1112,112.2
HfMo0.5NBSI0.3TIV0.5,8.5,,,AC,M,BCC+M5Si3,C,25,1617,191
HfMo0.5N6SI0.3TIVO.5,8.5,,,AC,M,BCC+M5Si3,C,1200,166,19.6
HfMo0.5N6SI0.3TIV0.5,8.5,,,AC,M,BCC+M5Si3,C,1000,398,47
HfMo0.5NBSI0.5TIV0.5,8.2,,,AC,M,BCC+M5Si3,C,25,1787,218.7
HfMo0.5N6SI0.5TIVO.5,8.2,,,AC,M,BCC+M5Si3,C,1200,188,23
HfMo0.5N6SI0.5TIVO.5,8.2,,,AC,M,BCC+M5Si3,C,1000,614,75.2
HfMo0.5NBSI0.7TIV0.5,7.9,,,AC,M,BCC+M5Si3,C,25,2134,270.1
HfMo0.5N6SI0.7TIV0.5,7.9,,,AC,M,BCC+M5Si3,C,1200,235,29.7
HfMo0.5N6SI0.7TIV0.5,7.9,,,AC,M,BCC+M5Si3,C,1000,673,85.2
HfMo0.5NbTaTizr,9.9,130.5,102,AC,S,BCC,C,25,1317,132.8
HfMo0.5NBTIV0.5,9,131.6,,AC,S,BCC,C,25,1260,140.4
HfMo0.5N6TIV0.5,9,,,AC,S,BCC,C,1000,600,6.7
HfMo0.5NBTIV0.5,9,,,AC,S,BCC,C,1000,368,41
HfMo0.75NbTaTizr,9.9,136.1,109,AC,S,BCC,C,25,1373,138.3
HfMoNbTaTiZr,9.9,147,115,AC,S,BCC,C,25,1512,152.1
HfMoNbTaTiZr,9.9,147,136.6,AC,S,BCC,C,25,1512,152.1
HfMoNbTaTiZr,9.9,,,AC,S,BCC,C,1200,556,55.6
HfMoNbTaTiZr,9.9,,,AC,S,BCC,C,1000,814,81.6
HfMoNbTaTiZr,9.9,,,AC,S,BCC,C,800,1007,101.3
HfMoNbTiZr,8.7,139.2,,AC,S,BCC,C,25,1719,197.6
HfMoNbTiZr,8.7,139.2,,A,S,BCC,C,25,1575,181.3
HfMoNbTiZr,8.7,,,AC,S,BCC,C,1200,187,21.5
HfMoNbTiZr,8.7,,,AC,S,BCC,C,1100,397,45.7
HfMoNbTiZr,8.7,,,AC,S,BCC,C,1000,635,73.1
HfMoNbTiZr,8.7,,,AC,S,BCC,C,900,728,83.8
HfMoNbTiZr,8.7,,,AC,S,BCC,C,800,825,95
HfMoTaTizr,10.2,155.4,,AC,S,BCC,C,25,1600,157
HfMoTaTizr,10.2,,,AC,S,BCC,C,1200,404,39.6
HfMoTaTizr,10.2,,,AC,S,BCC,C,1000,855,83.6
HfMoTaTizr,10.2,,,AC,S,BCC,C,800,1045,102.5
HfNb0.1800TA0.1800TI1.27Zr,8.5,95.2,79,CR+A,S,BCC,T,25,540,63.8
HFNbSI0.5TIV,7.8,,,AC,M,BCC+M5Si3,C,25,1399,179.3
HFNbSI0.5TIV,7.8,,,AC,M,BCC+M5Si3,C,1000,240,30.8
HFNbSI0.5TIV,7.8,,,AC,M,BCC+M5Si3,C,800,875,112.2
HFNbSI0.5TiVZr,7.5,,,AC,M,BCC+Laves+M5Si3,C,25,1540,204.6
HFNbSI0.5TIVZr,7.5,,,A,MI,BCC+Laves+M5Si3,C,25,1483,197.4
HFNBSI0.5TIVZr,7.5,,,AC,M,BCC+Laves+M5Si3,C,800,371,49.4
HFNbSI0.5TIVZR,7.5,,,A,M,BCC+Laves+M5Si3,C,800,102,13.6
HFNbSI0.5TIVZr,7.5,,,AC,M,BCC+Laves+M5Si3,C,600,920,122.4
HFNbSI0.5TiVZr,7.5,,,A,M,BCC+Laves+M5Si3,C,600,597,79.4
HFNbSI0.5TiVZr,7.5,,,A,M,BCC+Laves+M5Si3,C,400,1273,169.4
HfNbTaTiZr,9.9,110.6,55,AC,S,BCC,C,25,1073,108.4
HfNbTaTizr,9.9,110.6,58,AC,S,BCC,C,25,1015,102.6
HfNbTaTiZr,9.9,,58,SPD+A,M,BCC+HCP,T,25,1520,153.6
HfNbTaTiZr,9.9,,,SPD+A,M,2BCC+HCP,T,25,795,80.4
HfNbTaTiZr,9.9,110.6,88.9,SPD,S,BCC,T,25,1900,192
HfNbTaTiZr,9.9,110.6,88.9,CR+A,S,BCC,T,25,830,83.6
HfNbTaTiZr,9.9,,100,CR+A,M,2 BCC,T,25,1303,131.7
HfNbTaTizr,9.9,110.6,93.3,CR,S,BCC,T,25,1202,121.5
HfNbTaTiZr,9.9,110.6,99.2,CR+A,S,BCC,T,25,1145,115.7
HfNbTaTiZr,9.9,110.6,81,CR+A,S,BCC,T,25,958,96.8
HfNbTaTiZr,9.9,110.6,81,CR+A,S,BCC,T,25,944,95.4
HfNbTaTizr,9.9,110.6,81,CR+A,S,BCC,T,25,940,95
HfNbTaTizr,9.9,110.6,92,CR+A,S,BCC,T,25,940,95
HfNbTaTizr,9.9,110.6,88.9,HIP+A,S,BCC,C,25,929,93.6
HfNbTaTiZr,9.9,110.6,88.9,AC,S,BCC,C,25,905,91.5
HfNbTaTiZr,9.9,110.6,88.9,AC,S,BCC,C,25,68,0'06
HfNbTaTiZr,9.9,110.6,88.9,AC,S,BCC,T,25,828,83.7
HfNbTaTiZr,9.9,110.6,88.9,AC,S,BCC,T,25,827,83.6
HfNbTaTizr,9.9,110.6,88.9,AC,S,BCC,T,25,820,82.6
HfNbTaTiZr,9.9,110.6,88.9,AC,S,BCC,T,25,803,81.2
HfNbTaTizr,9.9,,,HIP+A,S,BCC,C,1200,92,9.3
HfNbTaTiZr,9.9,,,HIP+A,S,BCC,C,1000,295,29.8
HfNbTaTiZr,9.9,,,HIP+A,S,BCC,C,800,535,54.1
HfNbTaTiZr,9.9,,,HIP+A,S,BCC,C,800,475,48
HfNbTaTizr,9.9,,,HIP+A,S,BCC,C,800,285,28.8
HfNbTaTiZr,9.9,,,HIP+A,S,BCC,C,600,675,68.2
HfNbTaTizr,9.9,,,HIP+A,S,BCC,C,400,790,79.8
HfNbTaZr,11.1,,,A,M,BCC+HCP†,C,25,2310,208.8
HfNbTazr,11.1,,,A,M,BCC+HCP†,C,25,2100,189.8
HfNbTaZr,11.1,,,A,M,BCC+HCP†,C,25,2020,182.6
HfNbTaZr,11.1,,,A,M,BCC+HCP†,C,25,1950,176.3
HfNbTazr,11.1,109.3,,AC,S,BCC,C,25,1315,118.6
HfNbTiVZr,8.1,,128,A,M,BCC+Laves,C,25,1157,143.5
HfNbTiVZr,8.1,,128,AC,M,BCC+unknown,C,25,1170,145.2
HfNbTiVZr,8.1,99,128,A,S,BCC,C,25,1253,155.5
HfNbTiVZr,8.1,99,128,A,S,BCC,C,25,1140,141.4
HfNbTiVZr,8.1,99,128,A,S,BCC,C,25,1120,139
HfNbTiZr,8.4,91.8,,A,S,BCC,T,25,879,104.8
HfTa0.4Tizr,9.2,,,AC,M,BCC+HCP†,T,25,400,43.5
HfTa0.5Tƒ∞Z.,9.4,,,AC,M,BCC+HCP,T,25,700,74.7
HfTa0.6TiZr,9.6,,,AC,M,BCC+HCP,T,25,800,83.7
HfTaTizr,10.2,112,,AC,S,BCC,T,25,1500,147.3
Mo0.1NBTIVO.3Zr,6.6,106,,AC,S,BCC,C,25,932,141.2
Mo0.3N6TIVO.3Zr,6.8,118.4,,AC,S,BCC,C,25,1312,193.6
Mo0.3N6TIVZ.,6.7,119.6,,AC,S,BCC,C,25,900,192.8
Mo0.5N6TIVO.3Zr,6.6,129.4,,AC,S,BCC,C,25,1301,188
Mo0.5N6TIVZ.,6.8,129.2,,AC,S,BCC,C,25,1473,215.6
Mo0.7N6TIVO.3Zr,7.1,139.4,,AC,S,BCC,C,25,1436,203.4
Mo0.7NBTIVZR,7,137.7,,AC,S,BCC,C,25,1706,245.5
Mo1.3N6TIV0.3Zr,7.4,164.2,,AC,S,BCC,C,25,1603,216.2
Mo1.3NbTiVZr,7.3,159.4,,AC,S,BCC,C,25,6006,205.5
Mo1.5N6TIVO.3Zr,7.5,171,,AC,S,BCC,C,25,1576,209.7
Mo1.5N6TIVZR,7.4,,,AC,M,2BCC,C,25,1603,217.3
Mo1.7N6TIVZ.,7.5,,,AC,M,2BCC,C,25,1645,220.4
M02NBTIVZ.,7.6,,,AC,M,2BCC,C,25,1765,232.6
MoNbTaTi0.25W,13.1,249.4,,AC,S,BCC,C,25,1109,84.7
MoNbTaTi0.5W,12.6,242,,AC,S,BCC,C,25,1211,96.1
MoNbTaTi0.75W,12.2,235.4,,AC,S,BCC,C,25,1304,107.3
MONBTATIV,9.4,172.8,130.5,AC,S,BCC,C,25,1400,149.4
MONBTATIVW,11,212.5,164,AC,S,BCC,C,25,1515,138.1
MONBTATIVW,11,,,AC,S,BCC,C,1200,659,60.1
MONBTATIVW,11,,,AC,S,BCC,C,1000,752.8,68.6
MONBTATIVW,11,,,AC,S,BCC,C,800,791.3,72.1
MONBTATIVW,11,,,AC,S,BCC,C,600,973,88.7
MONBTATIW,11.8,229.4,,AC,S,BCC,C,25,1455,123.8
MoNbTaTiW,11.8,229.4,156,AC,S,BCC,C,25,1343,114.2
MoNbTaTiW,11.8,,,–ê–°,S,BCC,C,1200,98,49.8
MONBTATIW,11.8,,,AC,S,BCC,C,1000,620,52.7
MoNbTaTiW,11.8,,,AC,S,BCC,C,800,674,57.3
MoNbTaTiW,11.8,,,AC,S,BCC,C,600,689,58.6
MoNbTaTizr,9.1,,153,AC,M,2BCC,U,25,1390,152.2
MoNbTaTizr,9.1,,,AC,M,2BCC,U,25,1375,150.5
MoNbTaTizr,9.1,,,A,M,2BCC,C,25,1100,120.4
MoNbTaV,10.7,187,,AC,S,BCC,C,25,1525,142.7
MONBTAVW,12.4,231.8,204.5,SPS,S,BCC,C,25,2612,211
MONBTAVW,12.4,231.8,180,HIP+A,S,BCC,C.,25,1246,100.7
MONBTAVW,12.4,,,HIP+A,S,BCC,C,1000,477,38.5
MONBTAVW,12.4,,,HIP+A,S,BCC,C,1400,656,53
MONBTAVW,12.4,,,HIP+A,S,BCC,C,1200,735,59.4
MONBTAVW,12.4,,,HIP+A,S,BCC,C,1000,842,68
MONBTAVW,12.4,,,HIP+A,S,BCC,C,800,846,68.4
MONBTAVW,12.4,,,HIP+A,S,BCC,C,600,862,69.6
MoNbTaW,13.7,257.8,228.7,AC,S,BCC,C,25,966,72.6
MoNbTaW,13.7,257.8,220,HIP+A,S,BCC,C,25,1058,77.5
MONBTAW,13.7,,,HIP+A,S,BCC,C,1000,405,29.6
MoNbTaW,13.7,,,HIP+A,S,BCC,C,1400,421,30.8
MoNbTaW,13.7,,,HIP+A,S,BCC,C,1200,905,37
MoNbTaW,13.7,,,HIP+A,S,BCC,C,1000,548,40.1
MoNbTaW,13.7,,,HIP+A,S,BCC,C,800,552,40.4
MoNbTaW,13.7,,,HIP+A,S,BCC,C,600,561,41.1
NbTiVZr,6.5,104.3,119.7/121.1,AC,S,BCC,C,25,1104,170.6
NbTiVZr,6.5,,,HIP+A,M,2BCC,C,600,834,129.1
NbTiVZr,6.5,,,HIP+A,M,2BCC,C,800,187,29
NbTiVZr,6.5,,,HIP+A,M,2BCC,C,1000,58,9
NbTiVZr,6.5,,,HIP+A,M,2BCC,C,25,1105,171.1
NbTiV2Zr,6.4,,,HIP+A,M,3BCC,C,600,571,89.1
NbTiV2Zr,6.4,,,HIP+A,M,3BCC,C,800,240,37.5
NbTiV2Zr,6.4,,,HIP+A,M,3BCC,C,1000,72,11.2
NbTiV2Zr,6.4,,,HIP+A,M,3BCC,C,25,918,143.3
NbTIV0.3Zr,6.5,99.2,,AC,S,BCC,C,25,866,133
NbTAVW,12.6,207.5,,AC,S,BCC,C,25,1530,118.7
NbTATIVW,11.1,189.2,257.3,AC,S,BCC,C,25,1420,127.6
NbTATIV,9.2,133.8,,AC,S,BCC,C,25,965,105.2
NbTATIV,9.2,133.8,108,AC,S,BCC,C,25,1092,119.1
MOTATIV,9.6,189.8,,AC,S,BCC,C,25,1221,127.4
MoNbTiZr,7.3,154.5,141.7,AC,S,BCC,C,25,1560,213.4
MoNbTiVZr,7.1,149.2,,AC,S,BCC,C,25,1770,248.5
MoNbTiVZr,7.1,,139.5,AC,S,BCC,C,25,1779,249.7
MONBTIV3Z.,6.9,,,AC,M,2BCC,C,25,1415,205.5
MoNbTiV2Zr,7,,,AC,M,2BCC,C,25,1520,217.5
MONBTIV1.5Zr,7.1,,,AC,M,2BCC,C,25,1720,243.6
MONBTIVO.75zr,7.2,150.3,141.5,AC,S,BCC,C,25,1689,234.5
MONBTIVO.5Zr,7.2,151.6,141.7,AC,S,BCC,C,25,1640,227.5
MONBTIVO.3Zr,7.2,152.7,,AC,S,BCC,C,25,1455,200.8
MONBTIVO.25zr,7.3,152.6,141.6,AC,S,BCC,C,25,1750,241.2
MONBTIV,7.3,169.5,161.1,AC,S,BCC,C,25,1200,163.4
